,label,z1,z2
0,North East Europe,1.3602694272994995,-1.1008493900299072
1,Central Europe,-0.7864294052124023,-0.6451808214187622
2,South Asia,-1.841655969619751,2.1738109588623047
3,Africa,-1.533971905708313,1.8960882425308228
4,South West Europe,0.8330765962600708,-1.0055383443832397
5,North Asia,1.4143301248550415,-0.7310062646865845
6,North Asia,0.5130739212036133,-0.9099445343017578
7,Africa,1.3501766920089722,-1.3107998371124268
8,North America,-2.5596446990966797,-0.7622907161712646
9,Africa,2.004079818725586,-0.8343925476074219
10,South Asia,1.6692265272140503,-1.4868351221084595
11,Africa,1.6287802457809448,-0.9582660794258118
12,Africa,-0.7905693054199219,-0.695967972278595
13,North Asia,1.7219657897949219,1.6764377355575562
14,North Asia,1.3850017786026,-0.7412096261978149
15,South Asia,-1.7990528345108032,0.6958383917808533
16,South East Europe,1.321523904800415,-1.0791579484939575
17,North America,-1.694769263267517,0.3138367235660553
18,South West Europe,1.1905131340026855,-0.7037643790245056
19,South Asia,0.6431552767753601,-1.1737931966781616
20,Africa,-1.9057602882385254,2.2291486263275146
21,North Asia,-2.27129864692688,2.664876699447632
22,South East Europe,-1.9559276103973389,2.332949161529541
23,North Asia,-1.696367859840393,0.22142066061496735
24,South West Europe,1.9378446340560913,0.4147123694419861
25,South West Europe,1.287305474281311,-1.4162201881408691
26,North Asia,1.7931928634643555,2.007770538330078
27,South Asia,1.576715111732483,-1.659054160118103
28,North Asia,1.5725324153900146,-1.4142873287200928
29,North America,-0.7607613205909729,0.10854949802160263
30,North Asia,-1.9245842695236206,2.2756080627441406
31,Oceania,-2.3508827686309814,2.767882823944092
32,North Asia,2.5063116550445557,-0.27691078186035156
33,Africa,2.37758731842041,2.4498450756073
34,Central Europe,2.3365564346313477,-0.3856458365917206
35,South West Europe,1.4902679920196533,-1.3142391443252563
36,South Asia,1.795002818107605,-1.6193610429763794
37,North Asia,0.4319298565387726,-1.0808912515640259
38,North Asia,-2.0488479137420654,2.4041805267333984
39,North Asia,-1.7185986042022705,2.2791106700897217
40,North Asia,-0.8169402480125427,-0.7464636564254761
41,South America,1.5827744007110596,-1.1987018585205078
42,South Asia,1.0585826635360718,0.01598561927676201
43,Central Europe,1.7744051218032837,-0.8746577501296997
44,North Asia,-2.984365940093994,-0.7264477610588074
45,North Asia,1.3469549417495728,1.5524961948394775
46,South West Europe,2.122886896133423,-0.47381970286369324
47,Africa,-1.775750994682312,2.2623438835144043
48,South West Europe,-0.8448390960693359,-0.8472679853439331
49,Africa,2.300477981567383,0.31779104471206665
50,North Asia,-1.785278081893921,2.2227513790130615
51,South West Europe,1.7779183387756348,-1.8033251762390137
52,Africa,2.0372812747955322,0.24735361337661743
53,North Asia,-1.733707308769226,0.3315102458000183
54,South Asia,0.5780377388000488,-1.1391160488128662
55,North America,-1.7383397817611694,0.4147723317146301
56,South Asia,0.8061795830726624,-0.40811315178871155
57,West Asia,2.472710609436035,2.4592928886413574
58,North Asia,-1.8167484998703003,1.4221643209457397
59,North Asia,-0.8200803399085999,-0.7482556700706482
60,Africa,-3.0670711994171143,-0.8385192155838013
61,Central Europe,1.8872804641723633,-1.7728832960128784
62,Africa,1.6578174829483032,-0.8625395894050598
63,South Asia,0.655739426612854,-0.5549713373184204
64,North Asia,-1.6582030057907104,1.996801495552063
65,West Asia,-0.5649265646934509,0.767505407333374
66,South Asia,0.589279055595398,-3.353243827819824
67,North Asia,-0.7547832131385803,-0.2228708416223526
68,South West Europe,-0.8465882539749146,-0.8484950661659241
69,North Asia,-1.7836267948150635,0.5001721978187561
70,North East Europe,1.6392332315444946,-1.5588046312332153
71,Africa,-1.833177089691162,2.2869837284088135
72,South Asia,2.0601096153259277,1.6114004850387573
73,West Asia,3.099937915802002,-0.17669019103050232
74,Central Europe,0.5889561176300049,-0.6005743741989136
75,North Asia,-1.6697263717651367,0.29695791006088257
76,North Asia,1.4535688161849976,1.5488730669021606
77,Central Europe,-2.2621819972991943,2.5818731784820557
78,North Asia,-2.856353282928467,-0.8379025459289551
79,North Asia,2.6321544647216797,2.7548828125
80,South America,2.5139451026916504,2.620029926300049
81,South Asia,0.6559101343154907,-1.1788833141326904
82,North Asia,-0.6704463362693787,0.17729580402374268
83,South Asia,0.661281943321228,-0.6855841875076294
84,South America,0.2544631063938141,1.3729010820388794
85,South West Europe,2.6119673252105713,-0.3364345133304596
86,South Asia,1.7841075658798218,-1.6876102685928345
87,West Asia,-3.1552555561065674,-0.7072628736495972
88,Africa,2.2690846920013428,0.6204811334609985
89,South America,1.376271367073059,-0.9132962822914124
90,West Asia,0.645797073841095,-1.1067159175872803
91,South East Europe,-2.1183383464813232,2.4448325634002686
92,Central Europe,-2.4913620948791504,-3.595836877822876
93,North Asia,-2.092332363128662,2.5536317825317383
94,North Asia,-0.6647825241088867,0.003318972885608673
95,South East Europe,1.7139718532562256,1.582095980644226
96,North Asia,-1.693453311920166,0.30090221762657166
97,North Asia,-0.7686367034912109,0.6121352910995483
98,South West Europe,1.2817023992538452,1.6415857076644897
99,Central Europe,-0.8269675374031067,-0.7949019074440002
100,North Asia,2.388913631439209,2.65218448638916
101,North Asia,0.2984534204006195,1.235277771949768
102,Africa,-2.8702149391174316,-0.9147635698318481
103,North Asia,2.971806764602661,0.6103900671005249
104,North America,-0.7192276120185852,0.2691911458969116
105,North Asia,-1.916878342628479,-3.282545328140259
106,North Asia,-0.8036864995956421,-0.7698076367378235
107,North Asia,1.2617042064666748,0.05461389571428299
108,West Asia,2.3299098014831543,2.21286940574646
109,North East Europe,1.767505407333374,-0.33720454573631287
110,Central Europe,0.4211633503437042,-1.1365528106689453
111,North Asia,0.5992899537086487,-0.6698504090309143
112,Africa,-1.062301516532898,-0.4554462432861328
113,West Asia,-1.9037139415740967,2.4429941177368164
114,North East Europe,1.445230484008789,-0.8098611235618591
115,South America,1.0386697053909302,-1.2742960453033447
116,West Asia,1.9808560609817505,1.0392494201660156
117,North Asia,-1.4200680255889893,0.028361745178699493
118,South America,3.185678720474243,0.6802553534507751
119,Africa,-3.0989887714385986,-0.718562662601471
120,North Asia,1.416562557220459,-1.3669838905334473
121,Africa,-1.7330429553985596,0.3664364516735077
122,Africa,1.734801173210144,3.882681131362915
123,North America,-0.7112610936164856,0.689632773399353
124,North Asia,1.6144781112670898,1.6694499254226685
125,North Asia,1.9002282619476318,1.5434527397155762
126,North Asia,-3.091383695602417,-0.8285750150680542
127,North Asia,-2.042851209640503,2.4955241680145264
128,South East Europe,2.235182523727417,0.6949331760406494
129,South America,2.6361513137817383,2.4271514415740967
130,South Asia,-3.090620994567871,-0.8414788842201233
131,South America,1.9685925245285034,0.5498679280281067
132,South Asia,-2.8073887825012207,-3.613565683364868
133,South West Europe,1.67409086227417,2.1078195571899414
134,West Asia,2.216005563735962,2.232180595397949
135,Africa,-1.1219525337219238,-0.24791717529296875
136,Central Asia,1.5331695079803467,-1.506588101387024
137,South West Europe,1.0766476392745972,-1.1970322132110596
138,North Asia,1.4918285608291626,-1.1935954093933105
139,Africa,-2.801205635070801,-1.0840890407562256
140,West Asia,2.389375686645508,2.045167922973633
141,South West Europe,-1.2218122482299805,-3.137627363204956
142,Africa,0.9046632647514343,-1.1289445161819458
143,North Asia,0.7647350430488586,-0.509768545627594
144,Africa,-0.7875140309333801,-0.5275406241416931
145,South West Europe,-0.8620873093605042,-0.8673484325408936
146,South America,2.507463216781616,2.226569175720215
147,South West Europe,1.5535459518432617,-1.574170470237732
148,North America,-0.6573531627655029,0.4417453706264496
149,North Asia,0.7310356497764587,-0.47036638855934143
150,Africa,-2.0390641689300537,2.2574996948242188
151,North Asia,-2.253469467163086,2.561516284942627
152,North Asia,2.4332423210144043,3.2615792751312256
153,South West Europe,2.489064931869507,2.8412623405456543
154,Africa,-3.0575222969055176,-0.8797605037689209
155,North Asia,2.6637144088745117,2.643414258956909
156,North Asia,-0.8095871210098267,-0.7581105828285217
157,West Asia,-2.2161834239959717,2.705667734146118
158,North East Europe,2.6484978199005127,2.5971641540527344
159,Africa,-0.7465740442276001,-0.012761770747601986
160,North Asia,0.7424290776252747,-0.34760767221450806
161,Africa,2.048981189727783,0.33051982522010803
162,South Asia,0.6433370113372803,-1.005403757095337
163,Africa,-2.9392316341400146,-0.9533136487007141
164,North Asia,-3.0226995944976807,-0.7644628286361694
165,South Asia,2.114704132080078,-0.3979872763156891
166,North Asia,1.5072113275527954,0.313457727432251
167,Africa,-3.024801015853882,-0.8520549535751343
168,South America,0.6276821494102478,-0.6733710765838623
169,South Asia,-2.8972184658050537,-1.0818207263946533
170,North Asia,1.5868984460830688,-1.9127026796340942
171,South East Europe,-3.0922629833221436,-0.842475175857544
172,South America,1.5136579275131226,2.069314956665039
173,North Asia,-0.7638670802116394,-0.7458785176277161
174,Africa,1.3152421712875366,0.8701704740524292
175,West Asia,0.5650539994239807,-0.966001033782959
176,South Asia,0.6191630959510803,-1.1046392917633057
177,South America,0.8219775557518005,-1.1668980121612549
178,South West Europe,0.728053629398346,-0.7197504639625549
179,South East Europe,1.7204718589782715,1.6616216897964478
180,West Asia,1.5769795179367065,-1.4878122806549072
181,North Asia,1.523311972618103,-0.5694933533668518
182,West Asia,-0.7888801097869873,-0.5786716341972351
183,Central Europe,0.5578556060791016,-0.9425314664840698
184,Africa,0.5890957713127136,-0.9767518639564514
185,South West Europe,2.0013394355773926,0.7692147493362427
186,North Asia,0.5260856747627258,-1.3330638408660889
187,South Asia,0.654203474521637,-0.9710206985473633
188,North Asia,-2.941831350326538,-0.7920712232589722
189,South America,1.4245854616165161,-1.0222132205963135
190,South America,2.7929484844207764,0.06595596671104431
191,North Asia,-1.597752332687378,2.0384984016418457
192,South West Europe,-3.1194095611572266,-0.8228162527084351
193,South America,1.0157082080841064,-1.1686350107192993
194,South America,1.3444979190826416,-0.7252397537231445
195,South West Europe,1.0177640914916992,-1.353119134902954
196,South Asia,1.2845951318740845,-0.9583882689476013
197,North Asia,-0.7792356014251709,-0.7177467346191406
198,Central Europe,1.7715946435928345,-0.9006614685058594
199,South East Europe,-3.092705249786377,-3.8431403636932373
200,North America,-0.6348196864128113,0.6387113332748413
201,South East Europe,-6.153399467468262,-5.0750412940979
202,South West Europe,-2.612657070159912,-0.975364625453949
203,North Asia,-0.5008203983306885,1.1110563278198242
204,South Asia,-1.7517815828323364,0.3663352429866791
205,North America,-2.558891773223877,-0.9395554065704346
206,North Asia,-1.7870066165924072,0.3022157549858093
207,North Asia,-0.7837082147598267,-0.7109505534172058
208,South America,-1.8768470287322998,-3.3652865886688232
209,North America,-2.7503268718719482,-0.8689379096031189
210,South West Europe,1.483193039894104,-1.3982163667678833
211,South West Europe,-0.8891957998275757,-0.792535662651062
212,South West Europe,-0.8815581202507019,-0.9122772216796875
213,Africa,1.3817979097366333,-0.8076416254043579
214,Central Europe,-1.8601469993591309,2.2101283073425293
215,South America,0.46874549984931946,-0.7923915982246399
216,North Asia,2.731506109237671,2.835669755935669
217,North America,1.3229860067367554,-0.6986052989959717
218,West Asia,3.0460050106048584,2.07548189163208
219,North Asia,4.834407806396484,0.3560273051261902
220,Africa,2.4360544681549072,2.2330470085144043
221,North Asia,-2.9883484840393066,-0.862113893032074
222,North Asia,1.3147542476654053,-0.7937260866165161
223,North America,-1.6887671947479248,0.4312807619571686
224,North Asia,-0.7982184886932373,-0.7532336115837097
225,North Asia,0.9393001198768616,-1.0714716911315918
226,Africa,-2.7001442909240723,-1.2346837520599365
227,North Asia,-3.0273284912109375,-0.7947325706481934
228,North Asia,-1.563087821006775,2.0572664737701416
229,North Asia,1.4293495416641235,-0.3041209876537323
230,North Asia,1.6933541297912598,0.22737275063991547
231,Africa,-0.8627134561538696,-0.8680259585380554
232,North Asia,0.22519530355930328,1.4186487197875977
233,Central Asia,1.411032795906067,-0.7024532556533813
234,North Asia,-2.910675525665283,-0.854641318321228
235,South Asia,0.6230595111846924,-1.0856332778930664
236,South West Europe,-0.875010073184967,-0.862605094909668
237,North East Europe,-3.0223069190979004,-0.8587649464607239
238,Oceania,-0.8094720840454102,-0.44891074299812317
239,South West Europe,-0.5921744108200073,0.6580619812011719
240,South Asia,1.42387855052948,-1.2446600198745728
241,North America,-1.7713230848312378,0.369770348072052
242,North Asia,-0.8407551050186157,-0.8959149718284607
243,South America,0.2613842189311981,1.3561633825302124
244,Central Asia,-1.4754785299301147,0.1676424890756607
245,North America,-0.743742823600769,0.43007034063339233
246,North East Europe,1.5521528720855713,-0.3737943172454834
247,North Asia,-0.7952762246131897,-0.7277832627296448
248,Africa,1.3229554891586304,-0.7192990779876709
249,South East Europe,1.490407109260559,-1.3520991802215576
250,South America,-0.9461478590965271,-0.29166096448898315
251,North Asia,-1.8309732675552368,2.2564995288848877
252,Africa,1.4133747816085815,1.5057098865509033
253,South Asia,-2.185338258743286,2.6006901264190674
254,North Asia,-1.6920983791351318,1.9959263801574707
255,North Asia,0.7361268997192383,-0.46715983748435974
256,Africa,-2.915189504623413,-0.9274981021881104
257,North East Europe,1.2651981115341187,-1.0447896718978882
258,North Asia,1.2731776237487793,-0.07833338528871536
259,South West Europe,-1.8280953168869019,2.196885824203491
260,North Asia,1.8254940509796143,1.0434433221817017
261,North Asia,1.6294413805007935,0.3549098074436188
262,Central Asia,0.7398398518562317,-0.4918988347053528
263,South America,1.1396844387054443,1.6388373374938965
264,West Asia,2.394829273223877,1.688937783241272
265,North East Europe,1.3835502862930298,-0.9568285942077637
266,South East Europe,-1.7396396398544312,0.33744508028030396
267,Africa,2.0402743816375732,0.12228479981422424
268,South West Europe,-0.8815323710441589,-0.8715912699699402
269,West Asia,0.25649893283843994,1.3715459108352661
270,North East Europe,1.575445532798767,-0.2875939607620239
271,South West Europe,1.605971336364746,-1.7414557933807373
272,West Asia,2.5667428970336914,1.9215195178985596
273,North Asia,-1.2896080017089844,-0.029099326580762863
274,South West Europe,1.160887360572815,-1.4060022830963135
275,North America,-1.5460528135299683,0.1292865127325058
276,South West Europe,1.3502663373947144,-1.2908226251602173
277,North Asia,1.4461159706115723,-1.1353107690811157
278,North East Europe,1.2900038957595825,-0.7040227055549622
279,North Asia,-1.3496248722076416,0.007035582792013884
280,North Asia,-3.056586980819702,-0.8563408255577087
281,South America,0.7783086895942688,-0.9683161973953247
282,North Asia,0.7978507876396179,-0.5313836336135864
283,Africa,-1.530166506767273,1.9972507953643799
284,South America,1.5587586164474487,2.156170129776001
285,West Asia,-1.9330899715423584,2.4334568977355957
286,West Asia,2.7957231998443604,2.5873196125030518
287,South America,1.2119414806365967,-1.3951934576034546
288,South America,-3.0892045497894287,-0.8394352197647095
289,South West Europe,2.0665977001190186,0.6103344559669495
290,South Asia,-0.7834986448287964,-0.7878957986831665
291,North Asia,-1.6399997472763062,2.041699171066284
292,South Asia,0.5836119651794434,-1.026349425315857
293,South West Europe,-2.854119300842285,-0.925457775592804
294,South East Europe,-3.121107578277588,-3.765338897705078
295,South America,0.5022267699241638,-0.8244330883026123
296,Africa,-0.9704092741012573,-0.5639950633049011
297,Africa,2.4721438884735107,2.6964616775512695
298,North America,-1.7157294750213623,0.44800665974617004
299,North America,-1.7036347389221191,0.2969716191291809
300,North Asia,1.5042095184326172,1.3913722038269043
301,West Asia,2.278111696243286,-0.3942720592021942
302,North Asia,2.2195301055908203,-0.48578882217407227
303,Africa,-0.933249294757843,-0.19761615991592407
304,North America,-0.6175376176834106,0.828592836856842
305,South Asia,0.623984158039093,-1.1518511772155762
306,North Asia,-1.7412323951721191,0.48483940958976746
307,South East Europe,-3.151548147201538,-3.826545476913452
308,Africa,-1.5846716165542603,1.920424461364746
309,North America,-2.284047842025757,-0.9951297044754028
310,Central Europe,2.0102012157440186,-0.5671358108520508
311,West Asia,-1.938029408454895,2.344360589981079
312,Central Asia,1.3713788986206055,-1.561403512954712
313,Africa,-2.1077356338500977,2.4889442920684814
314,South West Europe,-2.656529188156128,-0.7783650755882263
315,South Asia,2.1736648082733154,-2.345717668533325
316,North America,-1.6922465562820435,0.27901676297187805
317,Central Europe,-2.1833648681640625,2.5725345611572266
318,South West Europe,-0.8337512016296387,-0.842295229434967
319,South America,2.408919095993042,2.791658401489258
320,West Asia,4.924134731292725,0.16996395587921143
321,Africa,-1.6913857460021973,0.22629481554031372
322,North Asia,0.6897677183151245,-0.5294930934906006
323,South America,2.7231194972991943,-0.31762105226516724
324,North Asia,-0.8103542923927307,-0.8170579075813293
325,Central Europe,-2.228513717651367,2.5988850593566895
326,South Asia,0.7104243040084839,-0.44905003905296326
327,North Asia,-0.8485695719718933,-0.05114021897315979
328,South East Europe,1.3225510120391846,-0.8449293971061707
329,Africa,-1.542311429977417,1.9991830587387085
330,South East Europe,1.247387170791626,-0.8530670404434204
331,West Asia,2.4147002696990967,2.0226192474365234
332,North America,-1.4705946445465088,0.017873123288154602
333,North Asia,-0.8200007677078247,-0.6876823902130127
334,West Asia,-3.012385606765747,-0.8791046142578125
335,West Asia,-7.00316047668457,-5.457207679748535
336,North Asia,0.7108252048492432,-0.591490626335144
337,North Asia,-2.2531421184539795,-3.4601449966430664
338,North Asia,-1.7241538763046265,2.1413521766662598
339,North Asia,-3.035172462463379,-0.8719330430030823
340,North Asia,-1.5551369190216064,1.9601634740829468
341,South Asia,-1.7587957382202148,0.3953535854816437
342,Africa,1.3507906198501587,1.5180277824401855
343,North Asia,-1.667583703994751,0.27106714248657227
344,Africa,-6.244548320770264,-5.100058078765869
345,South Asia,0.2666010856628418,1.3846197128295898
346,North Asia,-0.8561396598815918,-0.8690377473831177
347,North Asia,-2.441802740097046,2.750133514404297
348,Africa,-2.9973413944244385,-0.8289613723754883
349,Africa,1.3363062143325806,1.4964274168014526
350,Central Europe,-0.822839617729187,-0.7736943960189819
351,North Asia,1.11782968044281,0.1428564488887787
352,South Asia,0.6128795146942139,-1.0741063356399536
353,West Asia,1.455737829208374,-0.8845316171646118
354,Africa,2.5133302211761475,2.0988080501556396
355,North America,-2.8049123287200928,-1.0323172807693481
356,Africa,2.0273306369781494,-0.022600265219807625
357,South America,2.285970687866211,1.3492568731307983
358,North East Europe,1.4012278318405151,-0.9554252624511719
359,South America,0.6085843443870544,-1.1749190092086792
360,South Asia,0.5133385062217712,-1.0295226573944092
361,North Asia,2.357389450073242,2.2244319915771484
362,Central Europe,2.6090540885925293,2.605771541595459
363,South America,1.304632544517517,-0.9079302549362183
364,South Asia,-3.1164278984069824,-0.8387730717658997
365,North Asia,-0.8533653020858765,-0.8632575273513794
366,South Asia,0.6552168726921082,-1.179358959197998
367,North Asia,1.4698209762573242,2.06712007522583
368,South America,1.5647927522659302,-1.850785493850708
369,Central Europe,0.6097100973129272,-0.8296785354614258
370,South Asia,-1.9981857538223267,2.247217893600464
371,North Asia,-2.931312322616577,-0.860727071762085
372,North Asia,2.6404976844787598,2.7522780895233154
373,North Asia,-1.7177780866622925,0.297730416059494
374,South America,0.6309081315994263,-0.8835814595222473
375,South America,1.3381414413452148,-1.1122156381607056
376,North Asia,1.6325575113296509,-1.6522717475891113
377,South Asia,-2.9617538452148438,-0.9216212630271912
378,North Asia,-1.413466453552246,1.425180196762085
379,North Asia,-1.682991623878479,0.24808748066425323
380,Africa,2.879962921142578,1.6491624116897583
381,North Asia,1.8889278173446655,-0.35733476281166077
382,South Asia,2.0674548149108887,-2.0120019912719727
383,Central Asia,0.5356214046478271,-1.4213060140609741
384,North Asia,-0.8103649020195007,-0.19057051837444305
385,North Asia,-1.3743278980255127,0.9775077104568481
386,North Asia,1.4781112670898438,-1.134474754333496
387,West Asia,1.4291367530822754,-1.189244031906128
388,West Asia,2.7141897678375244,2.7157466411590576
389,North America,-1.6913857460021973,0.37813806533813477
390,Africa,0.6575340032577515,-0.9236220717430115
391,Africa,2.715277671813965,3.0551342964172363
392,West Asia,2.528718948364258,3.144061803817749
393,Africa,2.623119831085205,2.1267290115356445
394,Africa,1.7079048156738281,-0.9733502864837646
395,North Asia,2.437711000442505,2.624112606048584
396,North America,-0.7488580942153931,-0.08292452991008759
397,Africa,2.6649491786956787,2.7831645011901855
398,West Asia,2.4546947479248047,2.660889148712158
399,North America,-1.6933562755584717,0.4847189784049988
400,South Asia,0.7096620202064514,-1.1251987218856812
401,North Asia,-1.5446240901947021,1.946126937866211
402,Africa,-3.058058023452759,-0.8351014852523804
403,South East Europe,2.5756449699401855,2.6644961833953857
404,West Asia,-5.670441150665283,-4.861147880554199
405,South West Europe,-2.6131348609924316,-0.8990815877914429
406,South America,2.4970433712005615,2.192446708679199
407,South East Europe,1.2910162210464478,-0.995746374130249
408,South America,2.8315958976745605,-0.24371084570884705
409,North Asia,-1.7372561693191528,2.200996160507202
410,South West Europe,-0.8670303225517273,-0.9004100561141968
411,South Asia,-3.0582666397094727,-0.8709865212440491
412,Central Europe,1.6470826864242554,-1.4758219718933105
413,South Asia,0.6712965369224548,-0.6511541604995728
414,North America,-2.7225353717803955,-0.7830713987350464
415,South America,-0.9699127674102783,-0.46269679069519043
416,Africa,2.4792113304138184,2.137819290161133
417,Africa,2.9899888038635254,2.003070592880249
418,Central Asia,-1.3734090328216553,0.023398427292704582
419,North Asia,0.928214967250824,-1.2885760068893433
420,South Asia,1.2428793907165527,-0.8065741062164307
421,North Asia,1.488011121749878,2.152251958847046
422,South East Europe,0.25717902183532715,1.3783377408981323
423,Africa,-3.170156240463257,-0.8011720180511475
424,North Asia,-1.4702130556106567,0.20452354848384857
425,North Asia,0.9698323607444763,-1.2142571210861206
426,South Asia,2.4143667221069336,2.086215019226074
427,Central Europe,-1.708077311515808,0.29062962532043457
428,Africa,1.3736040592193604,0.7366693615913391
429,North Asia,2.3450515270233154,2.4599645137786865
430,Africa,-2.8588876724243164,-0.8980839252471924
431,Africa,-2.8093063831329346,-0.9852442145347595
432,North Asia,1.4505643844604492,-1.465652585029602
433,North Asia,-2.7213027477264404,-0.8252072930335999
434,North Asia,-6.038323402404785,-5.000312328338623
435,North Asia,-0.8017365336418152,-0.1390293538570404
436,North East Europe,1.5057153701782227,-0.8000648617744446
437,North Asia,-0.8019279837608337,-0.7671427726745605
438,North Asia,-3.027320623397827,-0.9145045280456543
439,South West Europe,2.1947882175445557,2.243931770324707
440,South Asia,1.5962367057800293,-0.7957243919372559
441,South Asia,-1.7131848335266113,0.33566468954086304
442,North America,-1.6614201068878174,0.16535554826259613
443,South America,0.8602955937385559,-1.1918056011199951
444,North East Europe,0.6131607294082642,-0.9186063408851624
445,North Asia,-2.519930362701416,-3.5626380443573
446,South West Europe,2.4894585609436035,1.8095299005508423
447,South America,1.219720721244812,-1.470261812210083
448,North Asia,0.27203983068466187,1.3160558938980103
449,North Asia,-2.9642906188964844,-0.953517496585846
450,South America,0.5981125235557556,-0.8051683902740479
451,North Asia,-0.695759654045105,-0.021479526534676552
452,North Asia,1.610215187072754,0.7369803190231323
453,North Asia,3.0088512897491455,0.486406534910202
454,South Asia,0.6105083227157593,-1.0232815742492676
455,North Asia,0.5561566948890686,-0.7859963774681091
456,North Asia,0.3300288915634155,1.1705838441848755
457,Africa,0.763812243938446,-0.9541693329811096
458,North Asia,-0.7525485754013062,-0.11960812658071518
459,South Asia,2.5005359649658203,2.7737205028533936
460,North America,-3.0985758304595947,-3.85139799118042
461,North Asia,-1.6871662139892578,0.2582116723060608
462,North Asia,1.2396633625030518,-0.029733214527368546
463,South Asia,1.1823209524154663,-0.5166134834289551
464,North East Europe,1.3738614320755005,-0.7148106098175049
465,West Asia,-0.7506119012832642,-0.701160192489624
466,South West Europe,1.481460690498352,-0.6171751022338867
467,North Asia,1.283120036125183,-0.09941978007555008
468,North Asia,-2.1526410579681396,-1.4802643060684204
469,South Asia,1.9922858476638794,0.7388513088226318
470,North Asia,-2.678802251815796,-3.637425184249878
471,South America,2.530216932296753,2.2547597885131836
472,North East Europe,1.245403528213501,-0.7924436926841736
473,South Asia,-1.736711025238037,0.3680795133113861
474,South Asia,0.6111926436424255,-0.6447992920875549
475,West Asia,2.2733237743377686,2.332581043243408
476,North East Europe,-3.1546123027801514,-0.7658810615539551
477,North Asia,-2.1669793128967285,2.5767784118652344
478,South America,1.19485342502594,-1.1719958782196045
479,South America,1.0621707439422607,-1.2288933992385864
480,South America,1.3745485544204712,-0.5834053158760071
481,North Asia,1.6828135251998901,1.0643675327301025
482,North East Europe,1.197405457496643,-0.8228569030761719
483,Africa,-1.596136450767517,1.856999397277832
484,South West Europe,1.2405844926834106,-0.7011139988899231
485,Central Europe,-1.7247294187545776,0.45135271549224854
486,North East Europe,1.4285391569137573,-0.9748576283454895
487,West Asia,-2.48618745803833,-3.528404951095581
488,South West Europe,1.1037914752960205,-0.7068925499916077
489,West Asia,-2.416961908340454,-3.6625542640686035
490,South Asia,1.1552070379257202,-0.1261240392923355
491,North Asia,2.685880422592163,2.814809560775757
492,South Asia,-2.2943828105926514,2.73130464553833
493,West Asia,-1.9286413192749023,-3.380640983581543
494,South East Europe,1.4261595010757446,-0.8235352039337158
495,Central Europe,-1.8216615915298462,-3.283881425857544
496,North Asia,-0.7679246664047241,-0.026059748604893684
497,North Asia,2.3638367652893066,2.408677339553833
498,North Asia,-0.8229439854621887,-0.7391567230224609
499,Central Europe,2.4490134716033936,-0.22973531484603882
500,South America,-2.1054303646087646,2.5104405879974365
501,Africa,-1.8898460865020752,2.3002758026123047
502,North Asia,-3.7793848514556885,-4.076913356781006
503,North Asia,0.7371871471405029,-0.6728602647781372
504,North Asia,2.478677988052368,-0.46591290831565857
505,North Asia,-2.6355302333831787,-0.9066674709320068
506,South Asia,0.5461063981056213,-1.082851767539978
507,South Asia,1.7982900142669678,-1.5259900093078613
508,South West Europe,1.340447187423706,-0.7974949479103088
509,North Asia,-1.7685866355895996,0.8507317900657654
510,Africa,-0.7778915166854858,-0.7158125042915344
511,South Asia,1.948535680770874,-1.5246107578277588
512,South East Europe,1.4696828126907349,-0.7728549838066101
513,West Asia,-0.7942909002304077,-0.5548696517944336
514,North Asia,2.843569040298462,2.680575132369995
515,North Asia,-1.56147038936615,0.16097743809223175
516,North America,-1.7044044733047485,0.44164443016052246
517,North Asia,1.8460078239440918,-1.8186843395233154
518,North Asia,0.49010106921195984,-1.2990444898605347
519,South West Europe,1.1325945854187012,-1.2760652303695679
520,South Asia,1.5487732887268066,-1.6030551195144653
521,West Asia,-1.8512612581253052,2.3477096557617188
522,North Asia,0.614251434803009,-0.631004810333252
523,North Asia,-1.790773630142212,2.205310344696045
524,North Asia,2.0499963760375977,1.4959925413131714
525,North Asia,-1.6980451345443726,0.2930268347263336
526,North Asia,0.5498347282409668,-1.0998008251190186
527,South East Europe,1.8220287561416626,0.9218469858169556
528,Africa,-3.0333149433135986,-0.8079043626785278
529,South Asia,-2.892923355102539,-0.9587202668190002
530,North Asia,-0.8646792769432068,-0.0800400897860527
531,Africa,1.5953387022018433,-1.0050874948501587
532,Africa,-1.7577192783355713,2.196331024169922
533,South America,-1.7510340213775635,0.44013711810112
534,South America,2.6366562843322754,2.288968563079834
535,South West Europe,1.0602840185165405,-1.3785463571548462
536,North Asia,2.19950008392334,-0.40816810727119446
537,Central Europe,2.299297571182251,-0.16042429208755493
538,North Asia,2.084557056427002,0.4560236632823944
539,Central Europe,-3.0494701862335205,-3.7404520511627197
540,South Asia,2.5321781635284424,2.8117871284484863
541,North Asia,1.7136574983596802,-0.45997384190559387
542,North America,-1.6901559829711914,0.2649361491203308
543,North Asia,-1.6556657552719116,0.28501588106155396
544,North Asia,1.5078321695327759,0.3123704195022583
545,West Asia,-2.3375914096832275,2.542576551437378
546,South West Europe,1.9796562194824219,-0.415005087852478
547,North Asia,-0.824321985244751,-0.8892565369606018
548,South America,1.5023695230484009,-0.7216684818267822
549,South America,2.49635910987854,-0.21162939071655273
550,North Asia,-1.1019538640975952,-3.053694725036621
551,North Asia,-2.976454496383667,-0.8970242142677307
552,South Asia,2.4192590713500977,1.7545431852340698
553,Oceania,-0.850315272808075,-0.5160017013549805
554,South America,3.811872720718384,0.11623911559581757
555,South West Europe,-0.87321537733078,-0.8283367156982422
556,South Asia,0.5175182819366455,-1.133919358253479
557,North Asia,0.9289904832839966,-1.0975173711776733
558,Africa,1.8976331949234009,-1.8924129009246826
559,North Asia,1.4979881048202515,-0.6611506342887878
560,West Asia,-2.9249162673950195,-0.8387017846107483
561,Africa,1.2787246704101562,-0.7143154740333557
562,North Asia,-0.8328258991241455,-0.796191394329071
563,North Asia,-1.6251072883605957,1.636015772819519
564,South Asia,1.3958070278167725,-1.5890318155288696
565,North Asia,-2.402924060821533,2.764206886291504
566,Africa,1.701351284980774,-0.9086137413978577
567,North Asia,1.6192865371704102,-1.4538462162017822
568,North Asia,-1.6461124420166016,2.086750030517578
569,Africa,1.2802081108093262,-1.38248872756958
570,South America,0.43053051829338074,-1.0317448377609253
571,Oceania,-0.8335001468658447,-0.44919681549072266
572,South Asia,0.6359384059906006,-1.155900239944458
573,North Asia,0.6373099088668823,-0.5046979784965515
574,South Asia,1.0953502655029297,-0.17707571387290955
575,North America,-1.7457140684127808,0.3435358703136444
576,North Asia,-1.748962640762329,2.100067138671875
577,North Asia,-1.403796672821045,0.0172883253544569
578,South Asia,0.6087926030158997,-1.221585750579834
579,Africa,2.5440561771392822,2.872096300125122
580,North Asia,-2.5015158653259277,-0.85353022813797
581,North Asia,-1.4169341325759888,-0.022957993671298027
582,South Asia,1.3491655588150024,-1.1609892845153809
583,West Asia,0.23204495012760162,1.457683801651001
584,South West Europe,2.4370226860046387,2.427304744720459
585,Central Europe,-0.8899844884872437,-0.42574742436408997
586,North America,-1.5256354808807373,0.1298225075006485
587,North Asia,1.874098777770996,1.1057701110839844
588,North Asia,-1.6574029922485352,2.1085457801818848
589,North America,-1.6798635721206665,0.3526434004306793
590,North Asia,1.6077158451080322,-1.6213182210922241
591,Africa,1.3297759294509888,0.841281533241272
592,North Asia,2.572234869003296,-0.2575348913669586
593,South America,1.423109531402588,-0.6415603160858154
594,Africa,-2.2745015621185303,2.4426395893096924
595,North Asia,1.0625557899475098,0.00581424031406641
596,South West Europe,0.7845557332038879,-1.057715892791748
597,North America,-1.6727948188781738,0.26975375413894653
598,South America,-0.9430405497550964,-0.561338484287262
599,North Asia,-0.779445469379425,-0.7562344074249268
600,Central Europe,2.5335493087768555,-0.304787814617157
601,North Asia,2.1419472694396973,-0.7509467005729675
602,Africa,1.96705162525177,1.0505305528640747
603,South West Europe,-0.8806328773498535,-0.8287929892539978
604,North Asia,0.710141658782959,-0.5215328931808472
605,South West Europe,-0.9096894264221191,-0.876069962978363
606,North Asia,0.7324231863021851,-1.0534287691116333
607,North Asia,-0.772402822971344,-0.7634129524230957
608,North Asia,-1.37668776512146,1.1268751621246338
609,South Asia,1.869177222251892,-1.6068981885910034
610,North Asia,-2.981726884841919,-0.8133258819580078
611,South America,-0.9376187920570374,-0.20932205021381378
612,North Asia,0.7089269161224365,-0.4632377624511719
613,South West Europe,0.8361262083053589,-1.1928317546844482
614,North Asia,-0.5776814222335815,0.8568314909934998
615,West Asia,-0.490938663482666,1.074483036994934
616,South West Europe,1.6176602840423584,2.236250638961792
617,North Asia,2.7838785648345947,2.7241015434265137
618,South America,2.6475348472595215,-0.26668044924736023
619,Central Europe,-2.3061673641204834,2.7437868118286133
620,South West Europe,-0.8652511835098267,-0.8322935700416565
621,South West Europe,-0.8819983005523682,-0.9201837182044983
622,North Asia,0.5152580738067627,-0.8586519360542297
623,North Asia,1.5079290866851807,2.0095319747924805
624,Africa,1.8901395797729492,0.28613051772117615
625,South East Europe,0.5408711433410645,-0.8596253395080566
626,North East Europe,1.3921277523040771,-1.0111862421035767
627,North Asia,-1.5829429626464844,0.588115394115448
628,South America,0.8464642763137817,1.5995569229125977
629,North Asia,2.330707311630249,-0.7525323629379272
630,North Asia,-0.7886500954627991,-0.8323248028755188
631,Africa,-2.8534460067749023,-0.8973283767700195
632,South America,-0.8240893483161926,-0.469758003950119
633,North Asia,0.8612809181213379,-1.0687803030014038
634,North Asia,1.9048519134521484,0.9500253796577454
635,South America,1.4187746047973633,-1.529288411140442
636,North America,-1.6803159713745117,0.32268500328063965
637,North Asia,2.115196466445923,0.588519275188446
638,West Asia,2.5452282428741455,2.924204111099243
639,South Asia,1.4628300666809082,-1.2011009454727173
640,South America,-0.987485945224762,-0.5788863897323608
641,South West Europe,1.0659713745117188,-1.2661343812942505
642,Africa,-3.0584864616394043,-0.8799464702606201
643,North Asia,0.23019742965698242,1.415679693222046
644,North Asia,-1.4662376642227173,0.028496839106082916
645,North Asia,-1.6870955228805542,0.28443852066993713
646,South West Europe,-0.8520469665527344,-0.8819132447242737
647,West Asia,1.009780764579773,0.7329167127609253
648,North Asia,2.2712247371673584,2.60029673576355
649,North Asia,-3.009634494781494,-0.8623098731040955
650,North Asia,-0.8759846687316895,-0.869155764579773
651,North Asia,1.8393927812576294,0.9180416464805603
652,North Asia,1.3679656982421875,-1.354232907295227
653,North Asia,-2.891052007675171,-0.7729171514511108
654,South Asia,2.775365114212036,2.64684796333313
655,North Asia,-1.6337858438491821,1.5455341339111328
656,Africa,-0.716844379901886,-0.2937626838684082
657,North Asia,1.8128948211669922,1.5332001447677612
658,Africa,-0.731450617313385,0.07490213960409164
659,North East Europe,2.0424630641937256,-1.9794851541519165
660,Africa,0.6402657628059387,-0.464486688375473
661,North Asia,0.5972926616668701,-1.3684738874435425
662,South America,-1.1303600072860718,-0.6333169937133789
663,West Asia,1.4352203607559204,-0.7581309080123901
664,North Asia,-1.758421778678894,0.48094695806503296
665,West Asia,-0.8004088997840881,-0.7197927236557007
666,West Asia,2.871152877807617,2.534623384475708
667,North Asia,2.024610757827759,-1.509062647819519
668,North Asia,0.8070120811462402,-0.4700511395931244
669,North East Europe,1.1165717840194702,1.575496792793274
670,West Asia,1.3749836683273315,-1.1651355028152466
671,South East Europe,1.3287568092346191,-1.4244334697723389
672,Africa,-1.7105827331542969,0.28403887152671814
673,South East Europe,1.6007146835327148,-0.9846691489219666
674,Africa,1.4329578876495361,-1.3160631656646729
675,North Asia,0.46056219935417175,-1.0995334386825562
676,South America,0.8595441579818726,-1.330338954925537
677,North Asia,-2.005859851837158,2.323575973510742
678,South America,2.6591134071350098,2.8013176918029785
679,North East Europe,1.5100066661834717,-0.7066118717193604
680,North Asia,1.5710461139678955,0.31407830119132996
681,West Asia,-3.064502477645874,-0.7845970392227173
682,South West Europe,0.6650543808937073,-0.9453550577163696
683,North East Europe,1.3745081424713135,-0.7767626047134399
684,South West Europe,1.8969568014144897,0.49082744121551514
685,North Asia,-1.5403053760528564,1.984323263168335
686,North Asia,1.4555730819702148,-0.8739699125289917
687,North America,-0.8908067345619202,-0.7805201411247253
688,South America,0.31203967332839966,1.1790926456451416
689,North Asia,-0.8221255540847778,-0.8483217358589172
690,North East Europe,1.4414582252502441,-1.167981743812561
691,Central Asia,0.8301648497581482,-0.39715492725372314
692,South West Europe,-0.8981048464775085,-0.8260273337364197
693,South West Europe,2.5126144886016846,2.06787371635437
694,North America,-2.5484395027160645,-0.7736390829086304
695,None,1.9150257110595703,0.7037506699562073
696,South America,1.0900660753250122,-1.3402414321899414
697,North Asia,0.9363887906074524,-1.1824448108673096
698,North Asia,2.470991373062134,-0.2686597406864166
699,North East Europe,-1.4502322673797607,1.4615927934646606
700,North Asia,-2.1789608001708984,2.6326544284820557
701,South America,0.6440823078155518,-0.5923727750778198
702,North Asia,2.5520474910736084,-0.4725690484046936
703,West Asia,-1.5505092144012451,2.1046500205993652
704,Africa,-2.113645076751709,2.5065500736236572
705,South Asia,2.4152066707611084,2.169401168823242
706,North Asia,0.886121392250061,-1.1793509721755981
707,South America,0.928680956363678,-1.3438416719436646
708,West Asia,-7.288552761077881,-5.574582576751709
709,North Asia,0.7183311581611633,-0.43908172845840454
710,North Asia,-2.180391550064087,2.4517366886138916
711,South Asia,0.630859911441803,-0.8152238130569458
712,West Asia,-0.5087792277336121,1.0250351428985596
713,North Asia,-3.0485758781433105,-0.7561279535293579
714,North East Europe,1.4116581678390503,-1.1339380741119385
715,South America,2.312270164489746,2.5476386547088623
716,North Asia,-0.6580005288124084,0.637018620967865
717,South West Europe,-0.8693612217903137,-0.8030843734741211
718,South West Europe,-2.726992607116699,-3.6410276889801025
719,North Asia,-2.250020980834961,2.63492488861084
720,North Asia,2.593066692352295,3.0975341796875
721,West Asia,2.22900652885437,2.1476480960845947
722,Africa,1.8943876028060913,3.665393352508545
723,South Asia,2.2211508750915527,2.0436019897460938
724,Africa,-1.568162441253662,0.1606997400522232
725,South Asia,4.9567670822143555,0.20884747803211212
726,Central Europe,0.5156911611557007,-0.6516830921173096
727,North Asia,1.4828159809112549,0.18191485106945038
728,Africa,1.173714518547058,-0.7833471894264221
729,North America,-1.7361539602279663,0.38105693459510803
730,Oceania,-1.9813941717147827,2.475189447402954
731,North Asia,0.539676308631897,-0.6834308505058289
732,North Asia,2.5030856132507324,2.5534539222717285
733,South East Europe,0.6612633466720581,-0.9779331088066101
734,North America,-1.4869756698608398,0.018254028633236885
735,South East Europe,1.4669944047927856,1.645821213722229
736,North Asia,-2.878598928451538,-0.825192391872406
737,North America,-0.8575049042701721,-0.8738498687744141
738,North Asia,0.7203856706619263,-0.7457281351089478
739,South Asia,1.881057620048523,-1.6332640647888184
740,South West Europe,0.8851036429405212,-1.0104833841323853
741,Central Europe,-0.8780905604362488,-0.778396487236023
742,Central Europe,-0.8001118898391724,-0.6907290816307068
743,Africa,2.55578875541687,1.7479207515716553
744,Central Europe,-3.32015061378479,-3.9332098960876465
745,North Asia,2.7777230739593506,-0.6568469405174255
746,Oceania,-0.8421745300292969,-0.5181050896644592
747,Africa,-0.6842060089111328,-0.025805698707699776
748,Africa,-3.0812721252441406,-0.9817243218421936
749,Africa,1.207952618598938,-0.6605709195137024
750,Africa,2.4786717891693115,2.440748453140259
751,West Asia,1.4047437906265259,-0.9649885892868042
752,South West Europe,-2.9842123985290527,-0.8941856026649475
753,South America,2.7696757316589355,-0.3682304322719574
754,Africa,-3.0013554096221924,-0.9221057891845703
755,West Asia,-0.840782642364502,-0.8214568495750427
756,West Asia,0.8861052989959717,-1.0928175449371338
757,West Asia,-0.7797724008560181,-0.8381015062332153
758,Africa,2.4752357006073,2.2237701416015625
759,Africa,1.5360110998153687,1.4005604982376099
760,North America,-1.7138237953186035,0.2853722870349884
761,South Asia,0.5565487742424011,-1.1250309944152832
762,Africa,-1.689426302909851,0.39378786087036133
763,North Asia,1.7894331216812134,1.2653498649597168
764,North East Europe,1.4040950536727905,-0.6874838471412659
765,Central Europe,1.488384485244751,-0.991998016834259
766,North Asia,1.3798799514770508,0.8326086401939392
767,North Asia,-2.9593119621276855,-0.8835241198539734
768,North Asia,1.1388440132141113,-0.12893949449062347
769,South America,1.424487590789795,-1.09196138381958
770,North Asia,1.1677953004837036,0.9445416927337646
771,South West Europe,-2.5996594429016113,-3.6257236003875732
772,South Asia,-1.8733906745910645,2.414759397506714
773,South West Europe,-0.8988451957702637,-0.8759123682975769
774,Africa,3.031301736831665,1.398047685623169
775,South East Europe,1.9084458351135254,1.2902271747589111
776,North Asia,-3.0255696773529053,-3.8008813858032227
777,North Asia,2.6814029216766357,2.6625638008117676
778,South West Europe,-0.8681307435035706,-0.8994266390800476
779,South America,-2.3601319789886475,-3.5838592052459717
780,North America,-1.7551329135894775,0.45093289017677307
781,South Asia,1.6916626691818237,-1.523903489112854
782,Central Europe,-0.8052959442138672,-0.7741827368736267
783,South West Europe,1.09979248046875,-1.163621425628662
784,Africa,-2.9686505794525146,-0.8559067249298096
785,North America,-1.7351412773132324,0.33768951892852783
786,Central Europe,1.472593903541565,-1.3296551704406738
787,South Asia,1.6467012166976929,-1.6259089708328247
788,North Asia,2.2275848388671875,2.4489495754241943
789,South Asia,2.394817352294922,-1.8088470697402954
790,South West Europe,0.9025121927261353,-1.1103112697601318
791,Africa,1.4825162887573242,1.534021258354187
792,South Asia,0.6664597988128662,-1.0598317384719849
793,South West Europe,2.4733457565307617,-0.18477138876914978
794,North Asia,1.7815258502960205,0.9901641607284546
795,Central Europe,2.3733952045440674,0.49257078766822815
796,West Asia,-2.6102001667022705,-3.6064298152923584
797,Africa,2.5897679328918457,2.9081356525421143
798,Africa,-1.7006103992462158,2.120318651199341
799,North America,-1.7316274642944336,0.28788718581199646
800,Africa,2.474910259246826,2.38966965675354
801,South America,0.8190824389457703,-1.0402010679244995
802,North Asia,2.0102765560150146,0.446287602186203
803,West Asia,1.2472375631332397,-0.7582399845123291
804,South Asia,1.6177574396133423,-1.534874677658081
805,North Asia,2.1686859130859375,-0.20112106204032898
806,North Asia,0.8303990364074707,-1.1597477197647095
807,North East Europe,1.4204837083816528,-1.035884976387024
808,South America,-1.0694326162338257,-0.42811429500579834
809,North Asia,1.8153340816497803,0.8681603670120239
810,North Asia,-1.3804816007614136,0.9021731019020081
811,South America,-0.8186172246932983,-0.21565034985542297
812,North Asia,-2.8107810020446777,-0.9475772976875305
813,Africa,1.2898774147033691,-0.7032579183578491
814,North America,-2.470426082611084,-0.9095125794410706
815,South Asia,0.6184049844741821,-0.8845400810241699
816,Central Europe,-3.7193100452423096,-4.055674076080322
817,North Asia,-1.6289949417114258,1.5851248502731323
818,North East Europe,2.5412800312042236,1.9014195203781128
819,North Asia,0.5955092310905457,-0.7834967374801636
820,North America,-0.694491446018219,0.4280773103237152
821,North America,-1.681482195854187,0.22098414599895477
822,South Asia,-2.9959113597869873,-1.0306422710418701
823,North America,-0.6890544295310974,0.0581994503736496
824,North Asia,-1.8271350860595703,2.2241897583007812
825,North Asia,1.0614289045333862,-1.2522284984588623
826,West Asia,-0.8299927711486816,-0.4909989833831787
827,North Asia,1.555553674697876,0.5616164207458496
828,Central Asia,-1.43205988407135,-0.005566854495555162
829,South West Europe,0.4099608063697815,-1.099645733833313
830,North Asia,-1.3653764724731445,0.011928929947316647
831,North Asia,0.7493957877159119,-0.5410833954811096
832,South West Europe,2.361597776412964,2.4949350357055664
833,Central Asia,-3.082968235015869,-0.8435750007629395
834,South West Europe,2.623934030532837,2.857159376144409
835,South America,2.938892126083374,0.8877121806144714
836,North Asia,2.598029851913452,2.678443431854248
837,North Asia,1.873387336730957,1.071121335029602
838,North Asia,-1.756577730178833,0.3155464828014374
839,North Asia,-1.749714970588684,0.4601616859436035
840,North Asia,-2.3042662143707275,2.590763807296753
841,North Asia,2.091423511505127,-0.4023854434490204
842,North Asia,-1.7139008045196533,0.32268664240837097
843,North Asia,1.5164053440093994,2.2115206718444824
844,West Asia,-0.8409183025360107,-0.6716368198394775
845,North Asia,0.23646950721740723,1.4411927461624146
846,South Asia,2.1394267082214355,1.3203142881393433
847,South Asia,2.398757219314575,-0.7263562083244324
848,Africa,-2.253587484359741,2.7519493103027344
849,Africa,1.4573662281036377,-1.335506558418274
850,South East Europe,1.6120965480804443,-1.4081916809082031
851,Africa,2.5898709297180176,2.1330833435058594
852,Central Asia,-3.06959867477417,-0.8750477433204651
853,North America,-2.3043723106384277,-0.5893650054931641
854,North Asia,0.8054009079933167,-0.7022106647491455
855,North Asia,2.1306557655334473,0.19987086951732635
856,North Asia,1.559893250465393,-0.5242531895637512
857,South Asia,1.6914615631103516,-1.6185312271118164
858,South America,2.1181070804595947,3.596552848815918
859,North America,-1.7210137844085693,0.48044896125793457
860,North Asia,0.6475299000740051,-0.9949085116386414
861,Central Asia,-2.8809032440185547,-0.9205816388130188
862,Africa,-2.9877490997314453,-0.9280330538749695
863,South America,2.5625252723693848,2.7018165588378906
864,West Asia,2.509859323501587,2.401470184326172
865,Africa,1.315774917602539,0.841387152671814
866,Africa,1.840448021888733,-0.9605588912963867
867,Central Asia,-3.0596790313720703,-0.845007061958313
868,North Asia,-3.0285892486572266,-0.8007846474647522
869,South West Europe,1.6459612846374512,0.4295746386051178
870,North America,-1.698643445968628,0.1700572818517685
871,West Asia,-2.058523178100586,2.535978078842163
872,North Asia,-0.8435696959495544,-0.8864402770996094
873,South West Europe,2.0667757987976074,-0.4773123562335968
874,South Asia,0.6380403637886047,-0.947927713394165
875,North Asia,-0.8850975632667542,-0.41396015882492065
876,North Asia,0.7103560566902161,-0.40814557671546936
877,South East Europe,1.533655047416687,2.061980724334717
878,Africa,-0.7908148765563965,-0.6909045577049255
879,North Asia,1.5844954252243042,-1.7033308744430542
880,West Asia,2.2052054405212402,0.568375825881958
881,Africa,1.3156441450119019,0.6799870729446411
882,North Asia,-1.3604408502578735,-3.121061325073242
883,South America,-3.585019588470459,-4.0075812339782715
884,South America,1.4596415758132935,-3.2087562084198
885,South America,1.627382755279541,-1.8103208541870117
886,South America,1.4083247184753418,-0.5975292921066284
887,South Asia,1.8630517721176147,-1.473777413368225
888,North Asia,1.421019434928894,1.6616050004959106
889,South West Europe,2.532546043395996,2.5917797088623047
890,South Asia,3.2721095085144043,-0.08447330445051193
891,North Asia,2.381305694580078,-0.4360697865486145
892,North Asia,1.1086680889129639,-0.1535552591085434
893,North Asia,1.05277681350708,-0.3808264136314392
894,North Asia,-1.74617338180542,0.3422427177429199
895,North Asia,-1.7872681617736816,2.266749620437622
896,North Asia,1.9909452199935913,0.48221561312675476
897,South West Europe,-2.8791983127593994,-0.7748360633850098
898,South Asia,1.3602871894836426,-1.4635815620422363
899,North Asia,2.343518018722534,2.565145969390869
900,Central Asia,2.0843520164489746,2.322725534439087
901,Africa,-2.0667614936828613,2.3674354553222656
902,Africa,-0.6698352098464966,0.2879794239997864
903,North Asia,-1.7366917133331299,0.4313764274120331
904,Africa,2.5883405208587646,2.9137685298919678
905,Africa,1.3115417957305908,0.8115239143371582
906,North Asia,3.0301949977874756,2.1847517490386963
907,Africa,-1.7643935680389404,2.2852983474731445
908,North Asia,-3.124545097351074,-3.915573835372925
909,South Asia,0.809928834438324,-0.33016976714134216
910,South Asia,0.4957818388938904,-1.1221952438354492
911,Africa,-1.553819179534912,1.9583970308303833
912,South West Europe,1.2256907224655151,-0.7600281238555908
913,North America,-2.438600778579712,-0.8701960444450378
914,North Asia,-1.5876085758209229,-3.218744993209839
915,North Asia,-0.9644800424575806,-0.5054699778556824
916,North Asia,-0.5025043487548828,1.1077905893325806
917,North Asia,1.4642549753189087,-0.7170732021331787
918,Central Europe,-0.8161054253578186,-0.7577064037322998
919,South America,0.8901785612106323,-3.3103530406951904
920,South East Europe,-1.7688885927200317,0.40646302700042725
921,West Asia,2.421454668045044,2.658270835876465
922,South Asia,0.5683125853538513,-1.1995781660079956
923,West Asia,2.9717204570770264,-0.28626197576522827
924,South West Europe,4.808416843414307,0.4568842947483063
925,South Asia,0.5345072150230408,-1.2372426986694336
926,North America,-1.7198503017425537,0.4164915382862091
927,South West Europe,2.0161759853363037,0.5113912224769592
928,North Asia,0.6005521416664124,-1.3018739223480225
929,Central Asia,-3.062668800354004,-0.9151906371116638
930,North East Europe,1.3552405834197998,-1.131451964378357
931,Africa,-0.8072184324264526,-0.7628072500228882
932,South Asia,0.5478442907333374,-1.1476707458496094
933,Africa,2.9650866985321045,2.341935873031616
934,South America,1.2314201593399048,1.4092780351638794
935,South East Europe,1.7825050354003906,-1.9622312784194946
936,Africa,2.5809743404388428,2.761857271194458
937,North America,-0.6831826567649841,0.38322964310646057
938,North Asia,-1.830075979232788,2.285865068435669
939,North Asia,0.6171781420707703,-0.7593138217926025
940,South Asia,1.7323087453842163,-1.6069227457046509
941,South West Europe,2.264441728591919,2.307274341583252
942,Africa,-3.014430046081543,-0.9219456911087036
943,South West Europe,-2.6847658157348633,-0.7980096340179443
944,North Asia,-2.331136703491211,2.744567394256592
945,South Asia,0.6096919178962708,-0.5980830192565918
946,South Asia,0.586663007736206,-1.0701841115951538
947,North Asia,1.8503105640411377,1.566799283027649
948,North Asia,2.8363311290740967,2.7015268802642822
949,South West Europe,-0.8230791091918945,-0.5077219605445862
950,North East Europe,-3.0450053215026855,-0.8651115894317627
951,North Asia,2.771657705307007,1.360353708267212
952,North Asia,1.5220437049865723,0.8206812143325806
953,South West Europe,-0.8346953988075256,-0.8587039113044739
954,Oceania,-0.8111159205436707,-0.424450159072876
955,Africa,1.538777232170105,1.213272213935852
956,North Asia,2.7128405570983887,2.567333221435547
957,North America,1.4470065832138062,-0.7875418663024902
958,North Asia,-0.849862277507782,-0.394123375415802
959,Central Europe,0.6045061945915222,-0.8741953372955322
960,North Asia,-1.4502931833267212,1.391383409500122
961,South West Europe,0.6113322973251343,-0.7759114503860474
962,South West Europe,-1.36558198928833,0.0802728533744812
963,Central Asia,2.1097936630249023,-0.6831838488578796
964,West Asia,-6.160829544067383,-5.060190200805664
965,North Asia,1.4111921787261963,-0.6814186573028564
966,Central Europe,1.293041467666626,-1.0324467420578003
967,South East Europe,1.4580985307693481,-0.9407756924629211
968,South Asia,1.5654897689819336,1.4800735712051392
969,South Asia,0.6066813468933105,-1.133005142211914
970,North America,-1.5450204610824585,0.20799222588539124
971,Central Asia,2.0344901084899902,0.791172206401825
972,West Asia,1.257527470588684,-0.7745302319526672
973,Africa,2.611999273300171,2.4389889240264893
974,North Asia,-0.8183638453483582,-0.7983337044715881
975,South West Europe,1.5313847064971924,0.28376469016075134
976,North Asia,-1.8036314249038696,2.2400903701782227
977,North Asia,1.6394295692443848,0.576184093952179
978,South East Europe,0.5244421362876892,-1.368180751800537
979,Africa,1.3698883056640625,1.4906320571899414
980,South West Europe,-2.9610061645507812,-0.800131618976593
981,South America,-2.2635843753814697,-3.4605891704559326
982,North Asia,2.355985641479492,2.533452033996582
983,North Asia,0.5649241209030151,-0.637656569480896
984,South West Europe,1.0442171096801758,-0.7437668442726135
985,South America,-0.7016468644142151,-0.2854956388473511
986,North Asia,-0.821980893611908,-0.7836897373199463
987,North Asia,1.5937681198120117,2.113419532775879
988,West Asia,2.569533109664917,1.6804494857788086
989,Africa,-3.0352163314819336,-0.9066336154937744
990,South America,1.4556162357330322,-1.3046860694885254
991,North Asia,0.8109961748123169,-0.9765983819961548
992,North Asia,-1.768557071685791,0.38495156168937683
993,Central Europe,-0.8482600450515747,-0.21444176137447357
994,South West Europe,1.179858684539795,-1.4199066162109375
995,North Asia,1.5372674465179443,0.27447134256362915
996,South West Europe,2.070011615753174,-0.5606454610824585
997,Central Europe,-2.8646047115325928,-0.8116583824157715
998,North Asia,-1.5767784118652344,0.1750297248363495
999,South Asia,0.7017019391059875,-1.1918472051620483
1000,North Asia,-0.784570038318634,-0.7745229601860046
1001,South West Europe,-1.4856281280517578,0.08359210938215256
1002,North Asia,-0.587445855140686,0.8322675228118896
1003,Africa,-2.954026699066162,-0.7989463806152344
1004,North East Europe,1.748521327972412,-0.3735212981700897
1005,West Asia,1.496719241142273,2.1820390224456787
1006,South Asia,2.0599915981292725,0.6928274631500244
1007,North Asia,1.169440507888794,-1.3220083713531494
1008,Africa,-2.992616891860962,-0.8485143780708313
1009,South West Europe,0.5340898633003235,-1.044582724571228
1010,South West Europe,1.5070490837097168,0.3447358012199402
1011,North Asia,-1.6361355781555176,0.6511138677597046
1012,North Asia,1.5382106304168701,-1.0416393280029297
1013,Central Europe,1.523532748222351,1.990764856338501
1014,Africa,-2.960758686065674,-0.8510903716087341
1015,North Asia,2.2914254665374756,-0.3760334849357605
1016,South West Europe,1.6262190341949463,-1.549203872680664
1017,West Asia,2.2364163398742676,-0.42133674025535583
1018,Africa,1.4657487869262695,-0.9739751219749451
1019,North Asia,-1.950796365737915,2.4959230422973633
1020,South America,1.4092557430267334,-1.0541681051254272
1021,South Asia,-1.596543550491333,2.129096031188965
1022,Africa,2.6411077976226807,2.762061834335327
1023,North Asia,0.6782464981079102,-0.5057840347290039
1024,North Asia,2.1377828121185303,-0.7301489114761353
1025,South America,1.9234074354171753,0.9246991276741028
1026,South America,-0.6821329593658447,0.2066916674375534
1027,South America,1.0949913263320923,-1.3842543363571167
1028,South West Europe,0.953341543674469,-0.2971843481063843
1029,Africa,0.9982577562332153,-1.278862714767456
1030,South America,2.4028778076171875,2.550631046295166
1031,North Asia,1.6533607244491577,1.4949634075164795
1032,North America,-1.7016112804412842,0.4483461380004883
1033,South Asia,0.6089897155761719,-1.062469482421875
1034,South Asia,-2.1029977798461914,2.5792064666748047
1035,Africa,-3.101335048675537,-0.7990887761116028
1036,South East Europe,2.0933427810668945,1.6147326231002808
1037,South Asia,-1.1192835569381714,0.49139153957366943
1038,West Asia,-0.8537881374359131,-0.551821231842041
1039,Africa,-2.9861035346984863,-0.9357144236564636
1040,Central Asia,-1.4684194326400757,-0.05539410188794136
1041,North Asia,-2.9941062927246094,-0.8621308207511902
1042,Africa,2.6674041748046875,2.7947163581848145
1043,South Asia,-2.9284350872039795,-1.0082755088806152
1044,North Asia,1.8853996992111206,0.6782305836677551
1045,North Asia,1.1911590099334717,-0.03416530787944794
1046,North Asia,1.1434918642044067,-1.2380013465881348
1047,North Asia,2.2061007022857666,2.1877858638763428
1048,South Asia,-1.3322399854660034,-3.152134895324707
1049,Africa,-1.584725022315979,1.863420009613037
1050,Africa,-1.5967413187026978,1.967904806137085
1051,West Asia,0.26858893036842346,1.3463029861450195
1052,North Asia,0.8742618560791016,1.5817617177963257
1053,North Asia,2.599418878555298,2.902911424636841
1054,Africa,1.9722422361373901,0.9613848328590393
1055,Africa,-1.7671095132827759,2.1232893466949463
1056,Africa,1.3418447971343994,-1.363454818725586
1057,South Asia,1.4600998163223267,-1.2503716945648193
1058,North Asia,-1.6649515628814697,2.2502989768981934
1059,Africa,-0.9399330615997314,-0.7713304162025452
1060,North Asia,1.846428394317627,-0.2762346565723419
1061,South West Europe,-2.5894689559936523,-0.8157835602760315
1062,South West Europe,1.7522486448287964,0.3951146900653839
1063,North Asia,-2.44283127784729,2.8590292930603027
1064,South East Europe,2.0017552375793457,0.7080559730529785
1065,North Asia,1.5991076231002808,-2.2863833904266357
1066,West Asia,0.8062364459037781,4.66888427734375
1067,North East Europe,2.0702340602874756,1.3049196004867554
1068,South East Europe,0.6708565950393677,-1.116932988166809
1069,North America,-0.7445574402809143,0.5655402541160583
1070,North Asia,0.9180344343185425,-1.1717222929000854
1071,North Asia,1.3200325965881348,-1.174705982208252
1072,North Asia,2.3098623752593994,2.6766109466552734
1073,West Asia,1.4057791233062744,-1.083765983581543
1074,West Asia,-1.709131121635437,0.41415536403656006
1075,West Asia,-3.0339152812957764,-0.8742974996566772
1076,North Asia,-1.580925703048706,0.1970248818397522
1077,North Asia,0.8400261998176575,-0.3272228240966797
1078,South West Europe,2.416381597518921,2.6387312412261963
1079,North Asia,-1.8376249074935913,2.324573040008545
1080,North Asia,-2.92008376121521,-0.751981794834137
1081,South Asia,2.6724343299865723,2.8105857372283936
1082,South America,-0.7686604857444763,0.22308625280857086
1083,Africa,1.4864596128463745,-1.2462153434753418
1084,North Asia,1.8252021074295044,1.0439294576644897
1085,Central Europe,1.8023347854614258,1.2472007274627686
1086,Africa,2.006023406982422,0.27139487862586975
1087,Africa,2.364959239959717,2.1695339679718018
1088,Africa,-1.6553179025650024,0.2030574381351471
1089,South West Europe,-0.9173840284347534,-0.8685939908027649
1090,Africa,-2.7751312255859375,-1.0845928192138672
1091,South West Europe,2.858262777328491,1.6043763160705566
1092,North Asia,-0.5229688286781311,1.0749605894088745
1093,North Asia,2.0485033988952637,-0.054077498614788055
1094,North Asia,2.467876434326172,2.722161293029785
1095,South West Europe,-2.9564008712768555,-0.7803267240524292
1096,North America,-1.6855387687683105,0.45779523253440857
1097,North Asia,-8.2208833694458,-5.849013805389404
1098,South East Europe,1.970544695854187,1.6865290403366089
1099,South East Europe,1.4565038681030273,-1.0020729303359985
1100,North East Europe,1.471856713294983,-0.6848583817481995
1101,North Asia,0.6635948419570923,-0.6728925108909607
1102,South West Europe,1.9443732500076294,2.052722930908203
1103,West Asia,2.021782398223877,1.5903468132019043
1104,West Asia,2.8116490840911865,-0.22752557694911957
1105,North Asia,1.8243637084960938,-2.041367769241333
1106,Central Asia,-1.6281108856201172,0.22837795317173004
1107,North Asia,1.961077332496643,-0.40774181485176086
1108,North Asia,2.0366177558898926,0.6938112378120422
1109,Oceania,-0.8604288697242737,-0.8014682531356812
1110,North Asia,1.7184892892837524,1.1643162965774536
1111,North Asia,-1.6738910675048828,2.0626747608184814
1112,North America,-1.3690303564071655,-0.06338036805391312
1113,North Asia,1.4470500946044922,-0.0538833849132061
1114,South West Europe,1.2296475172042847,-0.6006160974502563
1115,South America,0.7845554351806641,-1.061242699623108
1116,Africa,2.3566339015960693,2.137434482574463
1117,North Asia,-3.0115344524383545,-0.8971567749977112
1118,West Asia,2.140709638595581,1.0041749477386475
1119,South Asia,0.5848402976989746,-1.0974786281585693
1120,Africa,-2.9055960178375244,-0.9262746572494507
1121,Africa,2.6526436805725098,2.679082155227661
1122,Central Europe,0.7700874209403992,-1.06085205078125
1123,Central Europe,-1.7648870944976807,0.333592027425766
1124,Africa,-2.873051881790161,-1.060450792312622
1125,North East Europe,1.4802567958831787,-1.321783185005188
1126,West Asia,-0.8180739879608154,-0.7485528588294983
1127,South Asia,1.8251216411590576,-0.9831048846244812
1128,North Asia,-0.799618124961853,-0.7106223702430725
1129,West Asia,1.7876662015914917,0.7280318737030029
1130,South West Europe,-0.8870777487754822,-0.8656852841377258
1131,Oceania,-2.0411784648895264,2.422988176345825
1132,South America,2.375107765197754,2.0320050716400146
1133,South Asia,1.6481822729110718,-1.6090861558914185
1134,South Asia,0.5927522778511047,-0.7575048804283142
1135,North Asia,1.8668643236160278,1.1245123147964478
1136,North America,-1.6867555379867554,0.33711159229278564
1137,Central Europe,-2.7232344150543213,-3.688326835632324
1138,Africa,-3.0634055137634277,-0.8414414525032043
1139,Africa,-1.5906811952590942,1.9162812232971191
1140,South East Europe,-1.7024463415145874,0.24226468801498413
1141,South West Europe,2.2085788249969482,-2.4209845066070557
1142,Africa,-3.0597379207611084,-0.8062427639961243
1143,Africa,-1.6714215278625488,0.2043713480234146
1144,Africa,2.410482883453369,2.1422388553619385
1145,North Asia,-2.998426675796509,-0.8065325021743774
1146,Africa,-2.920461893081665,-0.9266096949577332
1147,North Asia,2.202890634536743,-0.5509328842163086
1148,North Asia,0.95545494556427,1.580500602722168
1149,North Asia,0.6062760949134827,-0.7088397741317749
1150,West Asia,2.407337188720703,2.445634365081787
1151,North America,-2.903371572494507,-0.8369131088256836
1152,North America,-1.4599246978759766,0.08965054154396057
1153,North Asia,1.2333205938339233,-3.2495229244232178
1154,Africa,-2.7552006244659424,-0.9736896753311157
1155,Africa,2.0984370708465576,0.11938630789518356
1156,West Asia,-0.7953880429267883,-0.4741063714027405
1157,South West Europe,2.512173652648926,1.7055528163909912
1158,West Asia,-9.245428085327148,-6.3055338859558105
1159,South Asia,-1.4112659692764282,0.8044952154159546
1160,North Asia,-1.4935671091079712,0.06346069276332855
1161,South America,-1.0668351650238037,-0.6029369831085205
1162,North America,-0.6370348334312439,0.6187589764595032
1163,South Asia,2.685194969177246,1.619173288345337
1164,South America,0.9986419081687927,-1.3019890785217285
1165,West Asia,1.313406229019165,-0.8025419116020203
1166,West Asia,-0.8140790462493896,-0.47973084449768066
1167,North Asia,-3.017296075820923,-0.8365294337272644
1168,North America,-1.7635539770126343,0.33542636036872864
1169,North East Europe,1.4108434915542603,-1.0810143947601318
1170,South Asia,0.8414973020553589,-0.40079015493392944
1171,Africa,-1.4710121154785156,1.504669427871704
1172,Africa,-2.9604573249816895,-0.993900716304779
1173,North America,-1.7007558345794678,0.2900507152080536
1174,North Asia,1.1729520559310913,-0.2532758116722107
1175,West Asia,2.19445538520813,-0.5096415877342224
1176,North Asia,0.7343742847442627,-0.36029621958732605
1177,North Asia,1.1326814889907837,-0.2584877014160156
1178,North Asia,-2.568779468536377,-3.544909715652466
1179,West Asia,1.4815975427627563,-0.7710843086242676
1180,North Asia,-1.7480446100234985,0.37037819623947144
1181,South West Europe,1.2441773414611816,-0.6708585023880005
1182,West Asia,0.4558386206626892,-1.0662702322006226
1183,North Asia,1.8002524375915527,-1.4741660356521606
1184,North Asia,-0.4951803386211395,1.1463243961334229
1185,North America,-2.734381914138794,-0.8092271089553833
1186,North Asia,2.1127443313598633,-0.40493425726890564
1187,North Asia,0.7934340834617615,-0.4751628637313843
1188,Africa,0.5030055642127991,-0.8396544456481934
1189,North Asia,-2.8600411415100098,-0.8423452377319336
1190,Africa,2.4402918815612793,2.6721994876861572
1191,South East Europe,1.6183215379714966,-1.057375192642212
1192,South America,-1.0069642066955566,-0.5707851052284241
1193,South East Europe,1.3386403322219849,-1.2153897285461426
1194,South West Europe,1.5921752452850342,1.6499401330947876
1195,West Asia,0.5908432006835938,-0.8667272925376892
1196,West Asia,-1.5810635089874268,-3.288688898086548
1197,Africa,-3.010241985321045,-0.8918081521987915
1198,North Asia,-1.0696552991867065,-3.295276165008545
1199,South America,3.0940709114074707,1.6653438806533813
1200,South East Europe,-1.6880825757980347,0.4720607399940491
1201,Africa,-1.1407620906829834,0.048137564212083817
1202,North Asia,-0.5688107013702393,0.9611746072769165
1203,North Asia,0.8952656984329224,-0.9970263838768005
1204,South America,0.47380751371383667,-0.8005141019821167
1205,Africa,-2.879432201385498,-0.8779789805412292
1206,Africa,-3.0541136264801025,-0.7205609679222107
1207,North Asia,1.528671383857727,-0.7719313502311707
1208,North Asia,-0.8334805965423584,-0.771781325340271
1209,North East Europe,1.8648279905319214,-0.05681972578167915
1210,South America,2.6801035404205322,1.7715716361999512
1211,West Asia,2.389749050140381,2.248375177383423
1212,North America,-1.6933907270431519,0.4484216868877411
1213,West Asia,-0.7724716067314148,-0.5680142045021057
1214,South Asia,-2.3184640407562256,2.786591053009033
1215,South East Europe,2.14726185798645,1.649583339691162
1216,North Asia,-2.9962856769561768,-0.7715659737586975
1217,South Asia,-1.9761945009231567,2.4982376098632812
1218,North Asia,-3.350273609161377,-3.9814205169677734
1219,North Asia,1.6651484966278076,-1.3717442750930786
1220,Central Europe,1.491241216659546,-0.7071510553359985
1221,North Asia,1.3573145866394043,0.19922110438346863
1222,North Asia,2.394508123397827,2.4333648681640625
1223,Africa,0.6447475552558899,-0.9397642016410828
1224,South America,0.5857476592063904,-1.1810458898544312
1225,South West Europe,1.2651267051696777,-0.7011732459068298
1226,South Asia,1.7225568294525146,-1.5998449325561523
1227,Africa,-1.0250192880630493,-0.6214481592178345
1228,North Asia,2.015005111694336,1.0559133291244507
1229,South America,0.5752686858177185,-0.9929179549217224
1230,Central Europe,1.5224008560180664,-1.2500284910202026
